Disease	Eval_ID	gene
embryonal rhabdomyosarcoma	TH_Eval_014	AC104451.2
embryonal rhabdomyosarcoma	TH_Eval_014	AC132217.4
embryonal rhabdomyosarcoma	TH_Eval_014	ACTA1
embryonal rhabdomyosarcoma	TH_Eval_014	ACTC1
embryonal rhabdomyosarcoma	TH_Eval_014	ACTN2
embryonal rhabdomyosarcoma	TH_Eval_014	ANKRD10
embryonal rhabdomyosarcoma	TH_Eval_014	ARFGAP1
embryonal rhabdomyosarcoma	TH_Eval_014	BOD1
embryonal rhabdomyosarcoma	TH_Eval_014	C11orf74
embryonal rhabdomyosarcoma	TH_Eval_014	C1orf105
embryonal rhabdomyosarcoma	TH_Eval_014	C1QTNF9B
embryonal rhabdomyosarcoma	TH_Eval_014	CDH15
embryonal rhabdomyosarcoma	TH_Eval_014	CDK8
embryonal rhabdomyosarcoma	TH_Eval_014	CEP41
embryonal rhabdomyosarcoma	TH_Eval_014	CHRNA1
embryonal rhabdomyosarcoma	TH_Eval_014	CHRNB1
embryonal rhabdomyosarcoma	TH_Eval_014	CHRND
embryonal rhabdomyosarcoma	TH_Eval_014	CHRNG
embryonal rhabdomyosarcoma	TH_Eval_014	CHTF18
embryonal rhabdomyosarcoma	TH_Eval_014	CKM
embryonal rhabdomyosarcoma	TH_Eval_014	CLASRP
embryonal rhabdomyosarcoma	TH_Eval_014	COCH
embryonal rhabdomyosarcoma	TH_Eval_014	COL26A1
embryonal rhabdomyosarcoma	TH_Eval_014	COL2A1
embryonal rhabdomyosarcoma	TH_Eval_014	COL9A3
embryonal rhabdomyosarcoma	TH_Eval_014	CORO7
embryonal rhabdomyosarcoma	TH_Eval_014	CRYBB2P1
embryonal rhabdomyosarcoma	TH_Eval_014	CSAG1
embryonal rhabdomyosarcoma	TH_Eval_014	CSAG3
embryonal rhabdomyosarcoma	TH_Eval_014	CSDC2
embryonal rhabdomyosarcoma	TH_Eval_014	CSNK1G2
embryonal rhabdomyosarcoma	TH_Eval_014	CSTF3
embryonal rhabdomyosarcoma	TH_Eval_014	CTC-575D19.1
embryonal rhabdomyosarcoma	TH_Eval_014	CTD-2545M3.8
embryonal rhabdomyosarcoma	TH_Eval_014	CWC27
embryonal rhabdomyosarcoma	TH_Eval_014	CYTL1
embryonal rhabdomyosarcoma	TH_Eval_014	DCAF15
embryonal rhabdomyosarcoma	TH_Eval_014	DDB1
embryonal rhabdomyosarcoma	TH_Eval_014	DES
embryonal rhabdomyosarcoma	TH_Eval_014	DGAT1
embryonal rhabdomyosarcoma	TH_Eval_014	DLK1
embryonal rhabdomyosarcoma	TH_Eval_014	DMWD
embryonal rhabdomyosarcoma	TH_Eval_014	DNM3OS
embryonal rhabdomyosarcoma	TH_Eval_014	DOK7
embryonal rhabdomyosarcoma	TH_Eval_014	DSCR8
embryonal rhabdomyosarcoma	TH_Eval_014	DUSP2
embryonal rhabdomyosarcoma	TH_Eval_014	ENO3
embryonal rhabdomyosarcoma	TH_Eval_014	EXOSC8
embryonal rhabdomyosarcoma	TH_Eval_014	FAM153B
embryonal rhabdomyosarcoma	TH_Eval_014	FAM178A
embryonal rhabdomyosarcoma	TH_Eval_014	FAR2P1
embryonal rhabdomyosarcoma	TH_Eval_014	FBN2
embryonal rhabdomyosarcoma	TH_Eval_014	FGFR4
embryonal rhabdomyosarcoma	TH_Eval_014	FITM1
embryonal rhabdomyosarcoma	TH_Eval_014	FLNC
embryonal rhabdomyosarcoma	TH_Eval_014	FNDC5
embryonal rhabdomyosarcoma	TH_Eval_014	GPC3
embryonal rhabdomyosarcoma	TH_Eval_014	GTF2F2
embryonal rhabdomyosarcoma	TH_Eval_014	GTF2H2
embryonal rhabdomyosarcoma	TH_Eval_014	HDAC3
embryonal rhabdomyosarcoma	TH_Eval_014	HMGA2
embryonal rhabdomyosarcoma	TH_Eval_014	HMGB1
embryonal rhabdomyosarcoma	TH_Eval_014	HNRNPDL
embryonal rhabdomyosarcoma	TH_Eval_014	HRAS
embryonal rhabdomyosarcoma	TH_Eval_014	IGF2
embryonal rhabdomyosarcoma	TH_Eval_014	IGF2-AS
embryonal rhabdomyosarcoma	TH_Eval_014	IL17B
embryonal rhabdomyosarcoma	TH_Eval_014	INPPL1
embryonal rhabdomyosarcoma	TH_Eval_014	JSRP1
embryonal rhabdomyosarcoma	TH_Eval_014	KIAA0226L
embryonal rhabdomyosarcoma	TH_Eval_014	KLHL41
embryonal rhabdomyosarcoma	TH_Eval_014	KREMEN2
embryonal rhabdomyosarcoma	TH_Eval_014	LAMA2
embryonal rhabdomyosarcoma	TH_Eval_014	LENG8
embryonal rhabdomyosarcoma	TH_Eval_014	LINC00377
embryonal rhabdomyosarcoma	TH_Eval_014	LINC00545
embryonal rhabdomyosarcoma	TH_Eval_014	LOXL2
embryonal rhabdomyosarcoma	TH_Eval_014	LOXL3
embryonal rhabdomyosarcoma	TH_Eval_014	LOXL4
embryonal rhabdomyosarcoma	TH_Eval_014	LRPPRC
embryonal rhabdomyosarcoma	TH_Eval_014	MAGEA12
embryonal rhabdomyosarcoma	TH_Eval_014	MAGEA3
embryonal rhabdomyosarcoma	TH_Eval_014	MAGEA6
embryonal rhabdomyosarcoma	TH_Eval_014	MAMSTR
embryonal rhabdomyosarcoma	TH_Eval_014	MAP2K1
embryonal rhabdomyosarcoma	TH_Eval_014	MAP3K7CL
embryonal rhabdomyosarcoma	TH_Eval_014	MAPK15
embryonal rhabdomyosarcoma	TH_Eval_014	MEG3
embryonal rhabdomyosarcoma	TH_Eval_014	MEST
embryonal rhabdomyosarcoma	TH_Eval_014	MIR503HG
embryonal rhabdomyosarcoma	TH_Eval_014	MMP23B
embryonal rhabdomyosarcoma	TH_Eval_014	MRLN
embryonal rhabdomyosarcoma	TH_Eval_014	MSC
embryonal rhabdomyosarcoma	TH_Eval_014	MSTN
embryonal rhabdomyosarcoma	TH_Eval_014	MUS81
embryonal rhabdomyosarcoma	TH_Eval_014	MYBPH
embryonal rhabdomyosarcoma	TH_Eval_014	MYF6
embryonal rhabdomyosarcoma	TH_Eval_014	MYH3
embryonal rhabdomyosarcoma	TH_Eval_014	MYL4
embryonal rhabdomyosarcoma	TH_Eval_014	MYLPF
embryonal rhabdomyosarcoma	TH_Eval_014	MYOD1
embryonal rhabdomyosarcoma	TH_Eval_014	MYOG
embryonal rhabdomyosarcoma	TH_Eval_014	NAT9
embryonal rhabdomyosarcoma	TH_Eval_014	NCKAP5L
embryonal rhabdomyosarcoma	TH_Eval_014	NDUFAF5
embryonal rhabdomyosarcoma	TH_Eval_014	NEB
embryonal rhabdomyosarcoma	TH_Eval_014	NGFR
embryonal rhabdomyosarcoma	TH_Eval_014	NKAIN4
embryonal rhabdomyosarcoma	TH_Eval_014	NNAT
embryonal rhabdomyosarcoma	TH_Eval_014	NPTX2
embryonal rhabdomyosarcoma	TH_Eval_014	NPY
embryonal rhabdomyosarcoma	TH_Eval_014	OGN
embryonal rhabdomyosarcoma	TH_Eval_014	PCDH8
embryonal rhabdomyosarcoma	TH_Eval_014	PDLIM7
embryonal rhabdomyosarcoma	TH_Eval_014	PHRF1
embryonal rhabdomyosarcoma	TH_Eval_014	PIDD1
embryonal rhabdomyosarcoma	TH_Eval_014	PIGU
embryonal rhabdomyosarcoma	TH_Eval_014	PITX3
embryonal rhabdomyosarcoma	TH_Eval_014	POPDC3
embryonal rhabdomyosarcoma	TH_Eval_014	PPM1F
embryonal rhabdomyosarcoma	TH_Eval_014	PPP1R14B
embryonal rhabdomyosarcoma	TH_Eval_014	PRR5
embryonal rhabdomyosarcoma	TH_Eval_014	PRSS12
embryonal rhabdomyosarcoma	TH_Eval_014	PSPC1
embryonal rhabdomyosarcoma	TH_Eval_014	PTDSS2
embryonal rhabdomyosarcoma	TH_Eval_014	RAPSN
embryonal rhabdomyosarcoma	TH_Eval_014	RBM24
embryonal rhabdomyosarcoma	TH_Eval_014	RCOR2
embryonal rhabdomyosarcoma	TH_Eval_014	REXO1
embryonal rhabdomyosarcoma	TH_Eval_014	RGMB
embryonal rhabdomyosarcoma	TH_Eval_014	RNA5SP216
embryonal rhabdomyosarcoma	TH_Eval_014	RP1-302G2.5
embryonal rhabdomyosarcoma	TH_Eval_014	RP11-161M6.2
embryonal rhabdomyosarcoma	TH_Eval_014	RP11-260A9.6
embryonal rhabdomyosarcoma	TH_Eval_014	RP11-343H5.4
embryonal rhabdomyosarcoma	TH_Eval_014	RP11-386I14.4
embryonal rhabdomyosarcoma	TH_Eval_014	RP11-488C13.5
embryonal rhabdomyosarcoma	TH_Eval_014	RP11-658F2.8
embryonal rhabdomyosarcoma	TH_Eval_014	RP11-680F20.12
embryonal rhabdomyosarcoma	TH_Eval_014	RP11-732A19.5
embryonal rhabdomyosarcoma	TH_Eval_014	RP4-669L17.8
embryonal rhabdomyosarcoma	TH_Eval_014	RP4-765C7.2
embryonal rhabdomyosarcoma	TH_Eval_014	RSAD1
embryonal rhabdomyosarcoma	TH_Eval_014	RTN2
embryonal rhabdomyosarcoma	TH_Eval_014	RYR1
embryonal rhabdomyosarcoma	TH_Eval_014	SARS2
embryonal rhabdomyosarcoma	TH_Eval_014	SCX
embryonal rhabdomyosarcoma	TH_Eval_014	SEMA6B
embryonal rhabdomyosarcoma	TH_Eval_014	SGCA
embryonal rhabdomyosarcoma	TH_Eval_014	SHD
embryonal rhabdomyosarcoma	TH_Eval_014	SHISA2
embryonal rhabdomyosarcoma	TH_Eval_014	SIX2
embryonal rhabdomyosarcoma	TH_Eval_014	SKP2
embryonal rhabdomyosarcoma	TH_Eval_014	SLC35B1
embryonal rhabdomyosarcoma	TH_Eval_014	SNORA71
embryonal rhabdomyosarcoma	TH_Eval_014	SNRPEP4
embryonal rhabdomyosarcoma	TH_Eval_014	SNRPGP10
embryonal rhabdomyosarcoma	TH_Eval_014	SOX8
embryonal rhabdomyosarcoma	TH_Eval_014	SPACA6P
embryonal rhabdomyosarcoma	TH_Eval_014	SPRY2
embryonal rhabdomyosarcoma	TH_Eval_014	SPRY4
embryonal rhabdomyosarcoma	TH_Eval_014	SPSB4
embryonal rhabdomyosarcoma	TH_Eval_014	SSBP4
embryonal rhabdomyosarcoma	TH_Eval_014	STAC3
embryonal rhabdomyosarcoma	TH_Eval_014	SUGP2
embryonal rhabdomyosarcoma	TH_Eval_014	SUV420H2
embryonal rhabdomyosarcoma	TH_Eval_014	TCEAL7
embryonal rhabdomyosarcoma	TH_Eval_014	TCERG1
embryonal rhabdomyosarcoma	TH_Eval_014	THBS4
embryonal rhabdomyosarcoma	TH_Eval_014	TMEM259
embryonal rhabdomyosarcoma	TH_Eval_014	TMEM88
embryonal rhabdomyosarcoma	TH_Eval_014	TNMD
embryonal rhabdomyosarcoma	TH_Eval_014	TNNC1
embryonal rhabdomyosarcoma	TH_Eval_014	TNNC2
embryonal rhabdomyosarcoma	TH_Eval_014	TNNI1
embryonal rhabdomyosarcoma	TH_Eval_014	TNNI2
embryonal rhabdomyosarcoma	TH_Eval_014	TNNT2
embryonal rhabdomyosarcoma	TH_Eval_014	TNNT3
embryonal rhabdomyosarcoma	TH_Eval_014	TRIL
embryonal rhabdomyosarcoma	TH_Eval_014	UBTD2
embryonal rhabdomyosarcoma	TH_Eval_014	VGLL2
embryonal rhabdomyosarcoma	TH_Eval_014	VMO1
embryonal rhabdomyosarcoma	TH_Eval_014	XAB2
embryonal rhabdomyosarcoma	TH_Eval_014	ZNF579
glioma (astrocytoma)	TH_Eval_015	AC006262.5
glioma (astrocytoma)	TH_Eval_015	AC066694.1
glioma (astrocytoma)	TH_Eval_015	ADORA3
glioma (astrocytoma)	TH_Eval_015	AGK
glioma (astrocytoma)	TH_Eval_015	ALOX15
glioma (astrocytoma)	TH_Eval_015	AP1S2
glioma (astrocytoma)	TH_Eval_015	AP5Z1
glioma (astrocytoma)	TH_Eval_015	ATP1A3
glioma (astrocytoma)	TH_Eval_015	ATP5F1
glioma (astrocytoma)	TH_Eval_015	ATP5J2
glioma (astrocytoma)	TH_Eval_015	ATP6V0B
glioma (astrocytoma)	TH_Eval_015	ATP6V0D1
glioma (astrocytoma)	TH_Eval_015	ATP6V1E1
glioma (astrocytoma)	TH_Eval_015	ATP6V1F
glioma (astrocytoma)	TH_Eval_015	BHMT2
glioma (astrocytoma)	TH_Eval_015	C8orf22
glioma (astrocytoma)	TH_Eval_015	CA14
glioma (astrocytoma)	TH_Eval_015	CAPN3
glioma (astrocytoma)	TH_Eval_015	CCDC28B
glioma (astrocytoma)	TH_Eval_015	CCDC51
glioma (astrocytoma)	TH_Eval_015	CD163
glioma (astrocytoma)	TH_Eval_015	CHCHD3
glioma (astrocytoma)	TH_Eval_015	CNIH3
glioma (astrocytoma)	TH_Eval_015	COA1
glioma (astrocytoma)	TH_Eval_015	COLGALT2
glioma (astrocytoma)	TH_Eval_015	COPRS
glioma (astrocytoma)	TH_Eval_015	COQ10A
glioma (astrocytoma)	TH_Eval_015	CRYGS
glioma (astrocytoma)	TH_Eval_015	CTNS
glioma (astrocytoma)	TH_Eval_015	DDIT3
glioma (astrocytoma)	TH_Eval_015	DENND1A
glioma (astrocytoma)	TH_Eval_015	DENND2A
glioma (astrocytoma)	TH_Eval_015	DHDDS
glioma (astrocytoma)	TH_Eval_015	DLD
glioma (astrocytoma)	TH_Eval_015	DOK5
glioma (astrocytoma)	TH_Eval_015	EGFL6
glioma (astrocytoma)	TH_Eval_015	FAM45A
glioma (astrocytoma)	TH_Eval_015	GDF11
glioma (astrocytoma)	TH_Eval_015	GNS
glioma (astrocytoma)	TH_Eval_015	GPR143
glioma (astrocytoma)	TH_Eval_015	GPR162
glioma (astrocytoma)	TH_Eval_015	GPR34
glioma (astrocytoma)	TH_Eval_015	GSTM5
glioma (astrocytoma)	TH_Eval_015	IBSP
glioma (astrocytoma)	TH_Eval_015	IFITM10
glioma (astrocytoma)	TH_Eval_015	IFRD1
glioma (astrocytoma)	TH_Eval_015	IL13RA2
glioma (astrocytoma)	TH_Eval_015	IQSEC2
glioma (astrocytoma)	TH_Eval_015	KLHL7
glioma (astrocytoma)	TH_Eval_015	LAMTOR5
glioma (astrocytoma)	TH_Eval_015	LARP4
glioma (astrocytoma)	TH_Eval_015	LONP1
glioma (astrocytoma)	TH_Eval_015	LRRC39
glioma (astrocytoma)	TH_Eval_015	LSM10
glioma (astrocytoma)	TH_Eval_015	LYVE1
glioma (astrocytoma)	TH_Eval_015	MALSU1
glioma (astrocytoma)	TH_Eval_015	MT3
glioma (astrocytoma)	TH_Eval_015	NECAB2
glioma (astrocytoma)	TH_Eval_015	NGLY1
glioma (astrocytoma)	TH_Eval_015	NMRK2
glioma (astrocytoma)	TH_Eval_015	ORAI1
glioma (astrocytoma)	TH_Eval_015	OSBP2
glioma (astrocytoma)	TH_Eval_015	OSTM1
glioma (astrocytoma)	TH_Eval_015	OTX2
glioma (astrocytoma)	TH_Eval_015	PAX6
glioma (astrocytoma)	TH_Eval_015	PCLO
glioma (astrocytoma)	TH_Eval_015	PCP4
glioma (astrocytoma)	TH_Eval_015	PCSK9
glioma (astrocytoma)	TH_Eval_015	PDE4DIP
glioma (astrocytoma)	TH_Eval_015	PDZD11
glioma (astrocytoma)	TH_Eval_015	PET117
glioma (astrocytoma)	TH_Eval_015	PFKFB2
glioma (astrocytoma)	TH_Eval_015	PIEZO2
glioma (astrocytoma)	TH_Eval_015	PIK3R3
glioma (astrocytoma)	TH_Eval_015	PQBP1
glioma (astrocytoma)	TH_Eval_015	PQLC2
glioma (astrocytoma)	TH_Eval_015	PSMC2
glioma (astrocytoma)	TH_Eval_015	RAB29
glioma (astrocytoma)	TH_Eval_015	RIT1
glioma (astrocytoma)	TH_Eval_015	RITA1
glioma (astrocytoma)	TH_Eval_015	RP11-295K3.1
glioma (astrocytoma)	TH_Eval_015	RP11-386I14.4
glioma (astrocytoma)	TH_Eval_015	RRAGC
glioma (astrocytoma)	TH_Eval_015	RTCA
glioma (astrocytoma)	TH_Eval_015	RXRG
glioma (astrocytoma)	TH_Eval_015	SDCBP
glioma (astrocytoma)	TH_Eval_015	SDHB
glioma (astrocytoma)	TH_Eval_015	SIKE1
glioma (astrocytoma)	TH_Eval_015	SLC13A4
glioma (astrocytoma)	TH_Eval_015	SLC24A5
glioma (astrocytoma)	TH_Eval_015	SLC25A13
glioma (astrocytoma)	TH_Eval_015	SLC25A18
glioma (astrocytoma)	TH_Eval_015	SNAP29
glioma (astrocytoma)	TH_Eval_015	SNTA1
glioma (astrocytoma)	TH_Eval_015	SOAT1
glioma (astrocytoma)	TH_Eval_015	SQSTM1
glioma (astrocytoma)	TH_Eval_015	SSX2IP
glioma (astrocytoma)	TH_Eval_015	STAC2
glioma (astrocytoma)	TH_Eval_015	STAG3L4
glioma (astrocytoma)	TH_Eval_015	TANGO2
glioma (astrocytoma)	TH_Eval_015	TMEM106C
glioma (astrocytoma)	TH_Eval_015	TMEM60
glioma (astrocytoma)	TH_Eval_015	TRAPPC2L
glioma (astrocytoma)	TH_Eval_015	TRPM3
glioma (astrocytoma)	TH_Eval_015	TSPAN10
glioma (astrocytoma)	TH_Eval_015	TTR
glioma (astrocytoma)	TH_Eval_015	TXNL4A
glioma (astrocytoma)	TH_Eval_015	TYR
glioma (astrocytoma)	TH_Eval_015	TYRP1
glioma (astrocytoma)	TH_Eval_015	UAP1L1
glioma (astrocytoma)	TH_Eval_015	UROS
glioma (astrocytoma)	TH_Eval_015	VSIG4
glioma (astrocytoma)	TH_Eval_015	WBSCR16
glioma (astrocytoma)	TH_Eval_015	WI2-1896O14.1
glioma (astrocytoma)	TH_Eval_015	ZIC1
glioma (astrocytoma)	TH_Eval_015	ZNF106
medulloblastoma	TH_Eval_016	AAAS
medulloblastoma	TH_Eval_016	ABCC8
medulloblastoma	TH_Eval_016	AC004453.8
medulloblastoma	TH_Eval_016	AC007969.5
medulloblastoma	TH_Eval_016	ACAP3
medulloblastoma	TH_Eval_016	ACIN1
medulloblastoma	TH_Eval_016	ACTG1
medulloblastoma	TH_Eval_016	ACTL6B
medulloblastoma	TH_Eval_016	AGAP1
medulloblastoma	TH_Eval_016	AIPL1
medulloblastoma	TH_Eval_016	AKAP8L
medulloblastoma	TH_Eval_016	AMPD2
medulloblastoma	TH_Eval_016	ANKRD13B
medulloblastoma	TH_Eval_016	ANKZF1
medulloblastoma	TH_Eval_016	ANO2
medulloblastoma	TH_Eval_016	AP3B2
medulloblastoma	TH_Eval_016	APCDD1L
medulloblastoma	TH_Eval_016	APCDD1L-AS1
medulloblastoma	TH_Eval_016	ARHGDIG
medulloblastoma	TH_Eval_016	ASIC1
medulloblastoma	TH_Eval_016	ASXL1
medulloblastoma	TH_Eval_016	ATG4B
medulloblastoma	TH_Eval_016	ATG9A
medulloblastoma	TH_Eval_016	ATP13A1
medulloblastoma	TH_Eval_016	ATP1A3
medulloblastoma	TH_Eval_016	ATP1B2
medulloblastoma	TH_Eval_016	ATP5SL
medulloblastoma	TH_Eval_016	AUP1
medulloblastoma	TH_Eval_016	AUTS2
medulloblastoma	TH_Eval_016	BCS1L
medulloblastoma	TH_Eval_016	BICD1
medulloblastoma	TH_Eval_016	BPTF
medulloblastoma	TH_Eval_016	BRD8
medulloblastoma	TH_Eval_016	BRSK2
medulloblastoma	TH_Eval_016	C1orf61
medulloblastoma	TH_Eval_016	CA4
medulloblastoma	TH_Eval_016	CABP7
medulloblastoma	TH_Eval_016	CACNA1G
medulloblastoma	TH_Eval_016	CAD
medulloblastoma	TH_Eval_016	CADM3
medulloblastoma	TH_Eval_016	CADPS
medulloblastoma	TH_Eval_016	CAMKV
medulloblastoma	TH_Eval_016	CBFA2T2
medulloblastoma	TH_Eval_016	CBLN1
medulloblastoma	TH_Eval_016	CCDC101
medulloblastoma	TH_Eval_016	CDH24
medulloblastoma	TH_Eval_016	CDHR1
medulloblastoma	TH_Eval_016	CELF3
medulloblastoma	TH_Eval_016	CELSR3
medulloblastoma	TH_Eval_016	CENPBD1P1
medulloblastoma	TH_Eval_016	CEP250
medulloblastoma	TH_Eval_016	CEP95
medulloblastoma	TH_Eval_016	CHGA
medulloblastoma	TH_Eval_016	CHGB
medulloblastoma	TH_Eval_016	CHN2
medulloblastoma	TH_Eval_016	CIZ1
medulloblastoma	TH_Eval_016	CLASP2
medulloblastoma	TH_Eval_016	CLASRP
medulloblastoma	TH_Eval_016	CLK2
medulloblastoma	TH_Eval_016	CMTR1
medulloblastoma	TH_Eval_016	CNNM3
medulloblastoma	TH_Eval_016	CNTFR
medulloblastoma	TH_Eval_016	CNTROB
medulloblastoma	TH_Eval_016	COL27A1
medulloblastoma	TH_Eval_016	CPLX3
medulloblastoma	TH_Eval_016	CPNE7
medulloblastoma	TH_Eval_016	CPSF3L
medulloblastoma	TH_Eval_016	CRMP1
medulloblastoma	TH_Eval_016	CROCC
medulloblastoma	TH_Eval_016	CRX
medulloblastoma	TH_Eval_016	CRY1
medulloblastoma	TH_Eval_016	CRYBG3
medulloblastoma	TH_Eval_016	CSNK1E
medulloblastoma	TH_Eval_016	CSPG5
medulloblastoma	TH_Eval_016	CTC-435M10.3
medulloblastoma	TH_Eval_016	CTC1
medulloblastoma	TH_Eval_016	CTD-2192J16.15
medulloblastoma	TH_Eval_016	CTD-2537I9.12
medulloblastoma	TH_Eval_016	CYP2W1
medulloblastoma	TH_Eval_016	DDB2
medulloblastoma	TH_Eval_016	DDX55
medulloblastoma	TH_Eval_016	DENND4B
medulloblastoma	TH_Eval_016	DHPS
medulloblastoma	TH_Eval_016	DHX34
medulloblastoma	TH_Eval_016	DNMT3A
medulloblastoma	TH_Eval_016	DOC2A
medulloblastoma	TH_Eval_016	DOT1L
medulloblastoma	TH_Eval_016	DPH1
medulloblastoma	TH_Eval_016	DPH5
medulloblastoma	TH_Eval_016	DRAXIN
medulloblastoma	TH_Eval_016	DUS3L
medulloblastoma	TH_Eval_016	DUSP8
medulloblastoma	TH_Eval_016	EBF1
medulloblastoma	TH_Eval_016	ECSIT
medulloblastoma	TH_Eval_016	EDN2
medulloblastoma	TH_Eval_016	EIF2B4
medulloblastoma	TH_Eval_016	ENO3
medulloblastoma	TH_Eval_016	EPHA8
medulloblastoma	TH_Eval_016	EXOSC10
medulloblastoma	TH_Eval_016	FAM57B
medulloblastoma	TH_Eval_016	FGF11
medulloblastoma	TH_Eval_016	FNDC5
medulloblastoma	TH_Eval_016	FRMPD2
medulloblastoma	TH_Eval_016	GABRA5
medulloblastoma	TH_Eval_016	GABRB3
medulloblastoma	TH_Eval_016	GABRG2
medulloblastoma	TH_Eval_016	GDAP1L1
medulloblastoma	TH_Eval_016	GDI1
medulloblastoma	TH_Eval_016	GFAP
medulloblastoma	TH_Eval_016	GGA3
medulloblastoma	TH_Eval_016	GLIPR2
medulloblastoma	TH_Eval_016	GNAO1
medulloblastoma	TH_Eval_016	GNB2L1
medulloblastoma	TH_Eval_016	GNB3
medulloblastoma	TH_Eval_016	GPM6A
medulloblastoma	TH_Eval_016	GRAMD1B
medulloblastoma	TH_Eval_016	GRIN1
medulloblastoma	TH_Eval_016	GSG1
medulloblastoma	TH_Eval_016	GTF3C2
medulloblastoma	TH_Eval_016	HDAC10
medulloblastoma	TH_Eval_016	HECTD4
medulloblastoma	TH_Eval_016	HES6
medulloblastoma	TH_Eval_016	HINFP
medulloblastoma	TH_Eval_016	HK2
medulloblastoma	TH_Eval_016	HLX
medulloblastoma	TH_Eval_016	HMP19
medulloblastoma	TH_Eval_016	HPCA
medulloblastoma	TH_Eval_016	IGSF21
medulloblastoma	TH_Eval_016	INSM1
medulloblastoma	TH_Eval_016	KANSL3
medulloblastoma	TH_Eval_016	KCNQ2
medulloblastoma	TH_Eval_016	KDM3A
medulloblastoma	TH_Eval_016	KIAA0195
medulloblastoma	TH_Eval_016	KIAA0556
medulloblastoma	TH_Eval_016	KIAA1614
medulloblastoma	TH_Eval_016	KIF1B
medulloblastoma	TH_Eval_016	KIF21B
medulloblastoma	TH_Eval_016	KIF5C
medulloblastoma	TH_Eval_016	KIRREL2
medulloblastoma	TH_Eval_016	KLHDC8A
medulloblastoma	TH_Eval_016	KLHL17
medulloblastoma	TH_Eval_016	KLHL29
medulloblastoma	TH_Eval_016	L1CAM
medulloblastoma	TH_Eval_016	LARS
medulloblastoma	TH_Eval_016	LHX2
medulloblastoma	TH_Eval_016	LHX8
medulloblastoma	TH_Eval_016	LINC00599
medulloblastoma	TH_Eval_016	LINC00969
medulloblastoma	TH_Eval_016	LMBR1L
medulloblastoma	TH_Eval_016	LPPR4
medulloblastoma	TH_Eval_016	LUC7L3
medulloblastoma	TH_Eval_016	MAB21L1
medulloblastoma	TH_Eval_016	MADD
medulloblastoma	TH_Eval_016	MAGEA3
medulloblastoma	TH_Eval_016	MAGEA6
medulloblastoma	TH_Eval_016	MALAT1
medulloblastoma	TH_Eval_016	MAN2A2
medulloblastoma	TH_Eval_016	MAPKBP1
medulloblastoma	TH_Eval_016	MAST1
medulloblastoma	TH_Eval_016	MAST2
medulloblastoma	TH_Eval_016	MAU2
medulloblastoma	TH_Eval_016	MCC
medulloblastoma	TH_Eval_016	MED24
medulloblastoma	TH_Eval_016	METTL22
medulloblastoma	TH_Eval_016	MKS1
medulloblastoma	TH_Eval_016	MOK
medulloblastoma	TH_Eval_016	MRPL30
medulloblastoma	TH_Eval_016	MRPL38
medulloblastoma	TH_Eval_016	MRPS2
medulloblastoma	TH_Eval_016	MRPS5
medulloblastoma	TH_Eval_016	MSH5
medulloblastoma	TH_Eval_016	MSTO1
medulloblastoma	TH_Eval_016	MT3
medulloblastoma	TH_Eval_016	MTA1
medulloblastoma	TH_Eval_016	MYT1
medulloblastoma	TH_Eval_016	MYT1L
medulloblastoma	TH_Eval_016	MZF1
medulloblastoma	TH_Eval_016	NAA40
medulloblastoma	TH_Eval_016	NAPB
medulloblastoma	TH_Eval_016	NAT9
medulloblastoma	TH_Eval_016	NDRG1
medulloblastoma	TH_Eval_016	NDRG3
medulloblastoma	TH_Eval_016	NELFCD
medulloblastoma	TH_Eval_016	NEURL4
medulloblastoma	TH_Eval_016	NEUROD1
medulloblastoma	TH_Eval_016	NEUROD2
medulloblastoma	TH_Eval_016	NFIB
medulloblastoma	TH_Eval_016	NISCH
medulloblastoma	TH_Eval_016	NNAT
medulloblastoma	TH_Eval_016	NOMO3
medulloblastoma	TH_Eval_016	NONO
medulloblastoma	TH_Eval_016	NPIPA1
medulloblastoma	TH_Eval_016	NPIPA5
medulloblastoma	TH_Eval_016	NPIPP1
medulloblastoma	TH_Eval_016	NPR3
medulloblastoma	TH_Eval_016	NPRL2
medulloblastoma	TH_Eval_016	NPTX1
medulloblastoma	TH_Eval_016	NPW
medulloblastoma	TH_Eval_016	NRL
medulloblastoma	TH_Eval_016	NRN1
medulloblastoma	TH_Eval_016	NT5DC2
medulloblastoma	TH_Eval_016	NUP188
medulloblastoma	TH_Eval_016	OLA1
medulloblastoma	TH_Eval_016	OTX2
medulloblastoma	TH_Eval_016	PAGR1
medulloblastoma	TH_Eval_016	PAN2
medulloblastoma	TH_Eval_016	PARP6
medulloblastoma	TH_Eval_016	PBX3
medulloblastoma	TH_Eval_016	PCBP1-AS1
medulloblastoma	TH_Eval_016	PCBP4
medulloblastoma	TH_Eval_016	PCDH17
medulloblastoma	TH_Eval_016	PCDH8
medulloblastoma	TH_Eval_016	PCGF1
medulloblastoma	TH_Eval_016	PCSK2
medulloblastoma	TH_Eval_016	PDE2A
medulloblastoma	TH_Eval_016	PDE4C
medulloblastoma	TH_Eval_016	PDIA2
medulloblastoma	TH_Eval_016	PHF19
medulloblastoma	TH_Eval_016	PHKA2
medulloblastoma	TH_Eval_016	PHYHIPL
medulloblastoma	TH_Eval_016	PI4KAP2
medulloblastoma	TH_Eval_016	PIAS1
medulloblastoma	TH_Eval_016	PIDD1
medulloblastoma	TH_Eval_016	PKD1
medulloblastoma	TH_Eval_016	PKD1P6
medulloblastoma	TH_Eval_016	PLCG1
medulloblastoma	TH_Eval_016	PLXNA3
medulloblastoma	TH_Eval_016	PNMA3
medulloblastoma	TH_Eval_016	POLR3D
medulloblastoma	TH_Eval_016	PPP2R2B
medulloblastoma	TH_Eval_016	PPP5C
medulloblastoma	TH_Eval_016	PRR3
medulloblastoma	TH_Eval_016	PRRT2
medulloblastoma	TH_Eval_016	PTPRN
medulloblastoma	TH_Eval_016	PVT1
medulloblastoma	TH_Eval_016	PVT1_1
medulloblastoma	TH_Eval_016	QRICH1
medulloblastoma	TH_Eval_016	RAB3A
medulloblastoma	TH_Eval_016	RABGGTA
medulloblastoma	TH_Eval_016	RASA4
medulloblastoma	TH_Eval_016	RASA4B
medulloblastoma	TH_Eval_016	RASGEF1B
medulloblastoma	TH_Eval_016	RBM14
medulloblastoma	TH_Eval_016	RBMX
medulloblastoma	TH_Eval_016	RBMX2
medulloblastoma	TH_Eval_016	RCOR2
medulloblastoma	TH_Eval_016	RD3
medulloblastoma	TH_Eval_016	REEP1
medulloblastoma	TH_Eval_016	RGS11
medulloblastoma	TH_Eval_016	RNF220
medulloblastoma	TH_Eval_016	RNF44
medulloblastoma	TH_Eval_016	RNU11
medulloblastoma	TH_Eval_016	ROBO3
medulloblastoma	TH_Eval_016	RP11-1212A22.4
medulloblastoma	TH_Eval_016	RP11-159D12.2
medulloblastoma	TH_Eval_016	RP11-20I20.4
medulloblastoma	TH_Eval_016	RP11-20O24.4
medulloblastoma	TH_Eval_016	RP11-231C14.4
medulloblastoma	TH_Eval_016	RP11-234A1.1
medulloblastoma	TH_Eval_016	RP11-274B21.2
medulloblastoma	TH_Eval_016	RP11-274B21.4
medulloblastoma	TH_Eval_016	RP11-343H5.4
medulloblastoma	TH_Eval_016	RP11-35N6.1
medulloblastoma	TH_Eval_016	RP11-3P17.5
medulloblastoma	TH_Eval_016	RP11-488C13.5
medulloblastoma	TH_Eval_016	RP11-677O4.6
medulloblastoma	TH_Eval_016	RP11-761N21.2
medulloblastoma	TH_Eval_016	RP11-958N24.1
medulloblastoma	TH_Eval_016	RP4-765C7.2
medulloblastoma	TH_Eval_016	RPL13AP5
medulloblastoma	TH_Eval_016	RPL24P4
medulloblastoma	TH_Eval_016	RPL26P19
medulloblastoma	TH_Eval_016	RPLP0P6
medulloblastoma	TH_Eval_016	RPRM
medulloblastoma	TH_Eval_016	RPS23P8
medulloblastoma	TH_Eval_016	RPS2P46
medulloblastoma	TH_Eval_016	RPS2P5
medulloblastoma	TH_Eval_016	RPS5
medulloblastoma	TH_Eval_016	RPS6KL1
medulloblastoma	TH_Eval_016	RSAD1
medulloblastoma	TH_Eval_016	RTN4RL2
medulloblastoma	TH_Eval_016	RUNDC3A
medulloblastoma	TH_Eval_016	SARM1
medulloblastoma	TH_Eval_016	SCG3
medulloblastoma	TH_Eval_016	SCLY
medulloblastoma	TH_Eval_016	SDK2
medulloblastoma	TH_Eval_016	SETD7
medulloblastoma	TH_Eval_016	SETDB1
medulloblastoma	TH_Eval_016	SEZ6
medulloblastoma	TH_Eval_016	SEZ6L
medulloblastoma	TH_Eval_016	SFI1
medulloblastoma	TH_Eval_016	SLC13A4
medulloblastoma	TH_Eval_016	SLC17A7
medulloblastoma	TH_Eval_016	SLC1A7
medulloblastoma	TH_Eval_016	SLC25A22
medulloblastoma	TH_Eval_016	SLC25A6
medulloblastoma	TH_Eval_016	SLC26A10
medulloblastoma	TH_Eval_016	SLC29A4
medulloblastoma	TH_Eval_016	SMARCD3
medulloblastoma	TH_Eval_016	SNAP25
medulloblastoma	TH_Eval_016	SNHG1
medulloblastoma	TH_Eval_016	SNORA40
medulloblastoma	TH_Eval_016	SNORA71
medulloblastoma	TH_Eval_016	SNORA8
medulloblastoma	TH_Eval_016	SNORD3B-1
medulloblastoma	TH_Eval_016	SNRNP200
medulloblastoma	TH_Eval_016	SNRPA
medulloblastoma	TH_Eval_016	SOX12
medulloblastoma	TH_Eval_016	SOX7
medulloblastoma	TH_Eval_016	SPTBN4
medulloblastoma	TH_Eval_016	SRRM2
medulloblastoma	TH_Eval_016	SRRM3
medulloblastoma	TH_Eval_016	SSBP3
medulloblastoma	TH_Eval_016	STK25
medulloblastoma	TH_Eval_016	STK36
medulloblastoma	TH_Eval_016	STMN2
medulloblastoma	TH_Eval_016	STRADA
medulloblastoma	TH_Eval_016	STX16
medulloblastoma	TH_Eval_016	STX1A
medulloblastoma	TH_Eval_016	SUPT7L
medulloblastoma	TH_Eval_016	SUV420H2
medulloblastoma	TH_Eval_016	SYN2
medulloblastoma	TH_Eval_016	SYNGAP1
medulloblastoma	TH_Eval_016	SYP
medulloblastoma	TH_Eval_016	TAF1C
medulloblastoma	TH_Eval_016	TARBP2
medulloblastoma	TH_Eval_016	TBC1D23
medulloblastoma	TH_Eval_016	TBC1D3L
medulloblastoma	TH_Eval_016	TBCE
medulloblastoma	TH_Eval_016	TBR1
medulloblastoma	TH_Eval_016	TBX1
medulloblastoma	TH_Eval_016	THOC5
medulloblastoma	TH_Eval_016	TMCC2
medulloblastoma	TH_Eval_016	TMEM131
medulloblastoma	TH_Eval_016	TMEM145
medulloblastoma	TH_Eval_016	TMEM164
medulloblastoma	TH_Eval_016	TMEM244
medulloblastoma	TH_Eval_016	TNPO2
medulloblastoma	TH_Eval_016	TRAP1
medulloblastoma	TH_Eval_016	TRIM28
medulloblastoma	TH_Eval_016	TRMT1
medulloblastoma	TH_Eval_016	TTR
medulloblastoma	TH_Eval_016	TTYH2
medulloblastoma	TH_Eval_016	TUBB2B
medulloblastoma	TH_Eval_016	TULP1
medulloblastoma	TH_Eval_016	U2AF2
medulloblastoma	TH_Eval_016	UBE2M
medulloblastoma	TH_Eval_016	UCKL1
medulloblastoma	TH_Eval_016	ULK3
medulloblastoma	TH_Eval_016	UNK
medulloblastoma	TH_Eval_016	UQCC1
medulloblastoma	TH_Eval_016	USP2
medulloblastoma	TH_Eval_016	USP32P2
medulloblastoma	TH_Eval_016	USP36
medulloblastoma	TH_Eval_016	VASH1
medulloblastoma	TH_Eval_016	WASF3
medulloblastoma	TH_Eval_016	WDR13
medulloblastoma	TH_Eval_016	WDR27
medulloblastoma	TH_Eval_016	XPO5
medulloblastoma	TH_Eval_016	XRCC1
medulloblastoma	TH_Eval_016	XXbac-BPG252P9.9
medulloblastoma	TH_Eval_016	ZC3H3
medulloblastoma	TH_Eval_016	ZCCHC11
medulloblastoma	TH_Eval_016	ZDHHC22
medulloblastoma	TH_Eval_016	ZDHHC8
medulloblastoma	TH_Eval_016	ZNF135
medulloblastoma	TH_Eval_016	ZNF337
medulloblastoma	TH_Eval_016	ZNF385B
medulloblastoma	TH_Eval_016	ZNF544
medulloblastoma	TH_Eval_016	ZNF579
medulloblastoma	TH_Eval_016	ZNF580
medulloblastoma	TH_Eval_016	ZNF581
medulloblastoma	TH_Eval_016	ZNF692
medulloblastoma	TH_Eval_016	ZNF814
primitive neuroectodermal tumor of the central nervous system	TH_Eval_019	ABCA5
primitive neuroectodermal tumor of the central nervous system	TH_Eval_019	AC066694.1
primitive neuroectodermal tumor of the central nervous system	TH_Eval_019	ACACB
primitive neuroectodermal tumor of the central nervous system	TH_Eval_019	ADAMTSL1
primitive neuroectodermal tumor of the central nervous system	TH_Eval_019	ADCY9
primitive neuroectodermal tumor of the central nervous system	TH_Eval_019	ADD3
primitive neuroectodermal tumor of the central nervous system	TH_Eval_019	AGMO
primitive neuroectodermal tumor of the central nervous system	TH_Eval_019	AMPH
primitive neuroectodermal tumor of the central nervous system	TH_Eval_019	APBB2
primitive neuroectodermal tumor of the central nervous system	TH_Eval_019	APPL1
primitive neuroectodermal tumor of the central nervous system	TH_Eval_019	ARNTL
primitive neuroectodermal tumor of the central nervous system	TH_Eval_019	ARSJ
primitive neuroectodermal tumor of the central nervous system	TH_Eval_019	ASMTL
primitive neuroectodermal tumor of the central nervous system	TH_Eval_019	ATXN1
primitive neuroectodermal tumor of the central nervous system	TH_Eval_019	BCAP29
primitive neuroectodermal tumor of the central nervous system	TH_Eval_019	BLOC1S5-TXNDC5
primitive neuroectodermal tumor of the central nervous system	TH_Eval_019	BMP6
primitive neuroectodermal tumor of the central nervous system	TH_Eval_019	BNC2
primitive neuroectodermal tumor of the central nervous system	TH_Eval_019	CAMK1G
primitive neuroectodermal tumor of the central nervous system	TH_Eval_019	CCNG1
primitive neuroectodermal tumor of the central nervous system	TH_Eval_019	CDC14B
primitive neuroectodermal tumor of the central nervous system	TH_Eval_019	CDC42BPA
primitive neuroectodermal tumor of the central nervous system	TH_Eval_019	CDH8
primitive neuroectodermal tumor of the central nervous system	TH_Eval_019	CDKN2C
primitive neuroectodermal tumor of the central nervous system	TH_Eval_019	CDV3
primitive neuroectodermal tumor of the central nervous system	TH_Eval_019	CHD3
primitive neuroectodermal tumor of the central nervous system	TH_Eval_019	CHRM4
primitive neuroectodermal tumor of the central nervous system	TH_Eval_019	CIT
primitive neuroectodermal tumor of the central nervous system	TH_Eval_019	COG5
primitive neuroectodermal tumor of the central nervous system	TH_Eval_019	COL25A1
primitive neuroectodermal tumor of the central nervous system	TH_Eval_019	COL2A1
primitive neuroectodermal tumor of the central nervous system	TH_Eval_019	COL6A6
primitive neuroectodermal tumor of the central nervous system	TH_Eval_019	COPS2
primitive neuroectodermal tumor of the central nervous system	TH_Eval_019	CRABP1
primitive neuroectodermal tumor of the central nervous system	TH_Eval_019	CRMP1
primitive neuroectodermal tumor of the central nervous system	TH_Eval_019	CRY1
primitive neuroectodermal tumor of the central nervous system	TH_Eval_019	CSDC2
primitive neuroectodermal tumor of the central nervous system	TH_Eval_019	CTB-12O2.1
primitive neuroectodermal tumor of the central nervous system	TH_Eval_019	CTNNAL1
primitive neuroectodermal tumor of the central nervous system	TH_Eval_019	CUL1
primitive neuroectodermal tumor of the central nervous system	TH_Eval_019	CYTH3
primitive neuroectodermal tumor of the central nervous system	TH_Eval_019	DKK2
primitive neuroectodermal tumor of the central nervous system	TH_Eval_019	DPP6
primitive neuroectodermal tumor of the central nervous system	TH_Eval_019	EBF1
primitive neuroectodermal tumor of the central nervous system	TH_Eval_019	EBF2
primitive neuroectodermal tumor of the central nervous system	TH_Eval_019	EBF3
primitive neuroectodermal tumor of the central nervous system	TH_Eval_019	EEF2
primitive neuroectodermal tumor of the central nervous system	TH_Eval_019	EGLN1
primitive neuroectodermal tumor of the central nervous system	TH_Eval_019	ERG
primitive neuroectodermal tumor of the central nervous system	TH_Eval_019	ETS1
primitive neuroectodermal tumor of the central nervous system	TH_Eval_019	ETV1
primitive neuroectodermal tumor of the central nervous system	TH_Eval_019	ETV5
primitive neuroectodermal tumor of the central nervous system	TH_Eval_019	EVI5L
primitive neuroectodermal tumor of the central nervous system	TH_Eval_019	EXOSC2
primitive neuroectodermal tumor of the central nervous system	TH_Eval_019	FAM214A
primitive neuroectodermal tumor of the central nervous system	TH_Eval_019	FBN2
primitive neuroectodermal tumor of the central nervous system	TH_Eval_019	FGF18
primitive neuroectodermal tumor of the central nervous system	TH_Eval_019	FGFBP1
primitive neuroectodermal tumor of the central nervous system	TH_Eval_019	FMO1
primitive neuroectodermal tumor of the central nervous system	TH_Eval_019	FOXC1
primitive neuroectodermal tumor of the central nervous system	TH_Eval_019	FOXN3
primitive neuroectodermal tumor of the central nervous system	TH_Eval_019	GLI3
primitive neuroectodermal tumor of the central nervous system	TH_Eval_019	GLT8D2
primitive neuroectodermal tumor of the central nervous system	TH_Eval_019	GPC3
primitive neuroectodermal tumor of the central nervous system	TH_Eval_019	GPC6
primitive neuroectodermal tumor of the central nervous system	TH_Eval_019	GPR162
primitive neuroectodermal tumor of the central nervous system	TH_Eval_019	GTDC1
primitive neuroectodermal tumor of the central nervous system	TH_Eval_019	GTF2E2
primitive neuroectodermal tumor of the central nervous system	TH_Eval_019	GTPBP1
primitive neuroectodermal tumor of the central nervous system	TH_Eval_019	HBP1
primitive neuroectodermal tumor of the central nervous system	TH_Eval_019	HIC1
primitive neuroectodermal tumor of the central nervous system	TH_Eval_019	HMGA2
primitive neuroectodermal tumor of the central nervous system	TH_Eval_019	HOXB8
primitive neuroectodermal tumor of the central nervous system	TH_Eval_019	HP
primitive neuroectodermal tumor of the central nervous system	TH_Eval_019	HSD11B1
primitive neuroectodermal tumor of the central nervous system	TH_Eval_019	HSD17B12
primitive neuroectodermal tumor of the central nervous system	TH_Eval_019	HSD17B2
primitive neuroectodermal tumor of the central nervous system	TH_Eval_019	IL17RD
primitive neuroectodermal tumor of the central nervous system	TH_Eval_019	ITGB1BP1
primitive neuroectodermal tumor of the central nervous system	TH_Eval_019	KCTD13
primitive neuroectodermal tumor of the central nervous system	TH_Eval_019	KIAA0922
primitive neuroectodermal tumor of the central nervous system	TH_Eval_019	LARGE
primitive neuroectodermal tumor of the central nervous system	TH_Eval_019	LEMD3
primitive neuroectodermal tumor of the central nervous system	TH_Eval_019	LHX2
primitive neuroectodermal tumor of the central nervous system	TH_Eval_019	LINC01234
primitive neuroectodermal tumor of the central nervous system	TH_Eval_019	LMO3
primitive neuroectodermal tumor of the central nervous system	TH_Eval_019	LPCAT1
primitive neuroectodermal tumor of the central nervous system	TH_Eval_019	LRRC42
primitive neuroectodermal tumor of the central nervous system	TH_Eval_019	MAP2K6
primitive neuroectodermal tumor of the central nervous system	TH_Eval_019	MAP3K4
primitive neuroectodermal tumor of the central nervous system	TH_Eval_019	MAPK7
primitive neuroectodermal tumor of the central nervous system	TH_Eval_019	MATK
primitive neuroectodermal tumor of the central nervous system	TH_Eval_019	MCMBP
primitive neuroectodermal tumor of the central nervous system	TH_Eval_019	MEIS2
primitive neuroectodermal tumor of the central nervous system	TH_Eval_019	MEOX2
primitive neuroectodermal tumor of the central nervous system	TH_Eval_019	MICB
primitive neuroectodermal tumor of the central nervous system	TH_Eval_019	MLLT10
primitive neuroectodermal tumor of the central nervous system	TH_Eval_019	MSRB3
primitive neuroectodermal tumor of the central nervous system	TH_Eval_019	NCAN
primitive neuroectodermal tumor of the central nervous system	TH_Eval_019	NGF
primitive neuroectodermal tumor of the central nervous system	TH_Eval_019	NHEJ1
primitive neuroectodermal tumor of the central nervous system	TH_Eval_019	NHSL1
primitive neuroectodermal tumor of the central nervous system	TH_Eval_019	NOC3L
primitive neuroectodermal tumor of the central nervous system	TH_Eval_019	NPTX2
primitive neuroectodermal tumor of the central nervous system	TH_Eval_019	NREP
primitive neuroectodermal tumor of the central nervous system	TH_Eval_019	NRN1
primitive neuroectodermal tumor of the central nervous system	TH_Eval_019	OSBPL11
primitive neuroectodermal tumor of the central nervous system	TH_Eval_019	OSBPL6
primitive neuroectodermal tumor of the central nervous system	TH_Eval_019	P3H2
primitive neuroectodermal tumor of the central nervous system	TH_Eval_019	PCDH18
primitive neuroectodermal tumor of the central nervous system	TH_Eval_019	PDE8B
primitive neuroectodermal tumor of the central nervous system	TH_Eval_019	PITPNC1
primitive neuroectodermal tumor of the central nervous system	TH_Eval_019	PLSCR4
primitive neuroectodermal tumor of the central nervous system	TH_Eval_019	POLE
primitive neuroectodermal tumor of the central nervous system	TH_Eval_019	POLR1E
primitive neuroectodermal tumor of the central nervous system	TH_Eval_019	PPP2R5D
primitive neuroectodermal tumor of the central nervous system	TH_Eval_019	PPP2R5E
primitive neuroectodermal tumor of the central nervous system	TH_Eval_019	PRKAR2B
primitive neuroectodermal tumor of the central nervous system	TH_Eval_019	PRKD3
primitive neuroectodermal tumor of the central nervous system	TH_Eval_019	PTCH1
primitive neuroectodermal tumor of the central nervous system	TH_Eval_019	PTPN9
primitive neuroectodermal tumor of the central nervous system	TH_Eval_019	PXMP2
primitive neuroectodermal tumor of the central nervous system	TH_Eval_019	RAB3A
primitive neuroectodermal tumor of the central nervous system	TH_Eval_019	RASGRP3
primitive neuroectodermal tumor of the central nervous system	TH_Eval_019	RHOJ
primitive neuroectodermal tumor of the central nervous system	TH_Eval_019	RORA
primitive neuroectodermal tumor of the central nervous system	TH_Eval_019	RP1-152L7.5
primitive neuroectodermal tumor of the central nervous system	TH_Eval_019	RP11-175K6.1
primitive neuroectodermal tumor of the central nervous system	TH_Eval_019	RP11-307P5.1
primitive neuroectodermal tumor of the central nervous system	TH_Eval_019	RP11-497G19.1
primitive neuroectodermal tumor of the central nervous system	TH_Eval_019	RP11-82L18.2
primitive neuroectodermal tumor of the central nervous system	TH_Eval_019	RP3-428L16.2
primitive neuroectodermal tumor of the central nervous system	TH_Eval_019	RPS2P5
primitive neuroectodermal tumor of the central nervous system	TH_Eval_019	RTTN
primitive neuroectodermal tumor of the central nervous system	TH_Eval_019	SAMD4A
primitive neuroectodermal tumor of the central nervous system	TH_Eval_019	SC22CB-1E7.1
primitive neuroectodermal tumor of the central nervous system	TH_Eval_019	SCARA5
primitive neuroectodermal tumor of the central nervous system	TH_Eval_019	SCG2
primitive neuroectodermal tumor of the central nervous system	TH_Eval_019	SCT
primitive neuroectodermal tumor of the central nervous system	TH_Eval_019	SEC23IP
primitive neuroectodermal tumor of the central nervous system	TH_Eval_019	SERF1B
primitive neuroectodermal tumor of the central nervous system	TH_Eval_019	SESN1
primitive neuroectodermal tumor of the central nervous system	TH_Eval_019	SHC3
primitive neuroectodermal tumor of the central nervous system	TH_Eval_019	SHC4
primitive neuroectodermal tumor of the central nervous system	TH_Eval_019	SHISA2
primitive neuroectodermal tumor of the central nervous system	TH_Eval_019	SLC13A4
primitive neuroectodermal tumor of the central nervous system	TH_Eval_019	SLC1A2
primitive neuroectodermal tumor of the central nervous system	TH_Eval_019	SLC8A1
primitive neuroectodermal tumor of the central nervous system	TH_Eval_019	SLC8A1-AS1
primitive neuroectodermal tumor of the central nervous system	TH_Eval_019	SMYD3
primitive neuroectodermal tumor of the central nervous system	TH_Eval_019	SNCAIP
primitive neuroectodermal tumor of the central nervous system	TH_Eval_019	SNUPN
primitive neuroectodermal tumor of the central nervous system	TH_Eval_019	SOCS5
primitive neuroectodermal tumor of the central nervous system	TH_Eval_019	SPATS2
primitive neuroectodermal tumor of the central nervous system	TH_Eval_019	SPRED1
primitive neuroectodermal tumor of the central nervous system	TH_Eval_019	STAC2
primitive neuroectodermal tumor of the central nervous system	TH_Eval_019	SUCO
primitive neuroectodermal tumor of the central nervous system	TH_Eval_019	TENM3
primitive neuroectodermal tumor of the central nervous system	TH_Eval_019	TGFB3
primitive neuroectodermal tumor of the central nervous system	TH_Eval_019	TMPRSS9
primitive neuroectodermal tumor of the central nervous system	TH_Eval_019	TNFRSF10D
primitive neuroectodermal tumor of the central nervous system	TH_Eval_019	USP46
primitive neuroectodermal tumor of the central nervous system	TH_Eval_019	VGF
primitive neuroectodermal tumor of the central nervous system	TH_Eval_019	WASF3
primitive neuroectodermal tumor of the central nervous system	TH_Eval_019	WNT5B
primitive neuroectodermal tumor of the central nervous system	TH_Eval_019	WSCD1
primitive neuroectodermal tumor of the central nervous system	TH_Eval_019	XPNPEP1
primitive neuroectodermal tumor of the central nervous system	TH_Eval_019	YAE1D1
primitive neuroectodermal tumor of the central nervous system	TH_Eval_019	ZIC1
undifferentiated spindle cell sarcoma	TH_Eval_018	ABCA6
undifferentiated spindle cell sarcoma	TH_Eval_018	ABCA8
undifferentiated spindle cell sarcoma	TH_Eval_018	ABL1
undifferentiated spindle cell sarcoma	TH_Eval_018	ACTG1
undifferentiated spindle cell sarcoma	TH_Eval_018	ACVRL1
undifferentiated spindle cell sarcoma	TH_Eval_018	ADAM12
undifferentiated spindle cell sarcoma	TH_Eval_018	ADAMTS9
undifferentiated spindle cell sarcoma	TH_Eval_018	ADAMTSL3
undifferentiated spindle cell sarcoma	TH_Eval_018	ADGRA2
undifferentiated spindle cell sarcoma	TH_Eval_018	AGAP2
undifferentiated spindle cell sarcoma	TH_Eval_018	AKAP6
undifferentiated spindle cell sarcoma	TH_Eval_018	ANGPTL2
undifferentiated spindle cell sarcoma	TH_Eval_018	ANKRD44
undifferentiated spindle cell sarcoma	TH_Eval_018	ANTXR2
undifferentiated spindle cell sarcoma	TH_Eval_018	ARAP3
undifferentiated spindle cell sarcoma	TH_Eval_018	ARHGAP17
undifferentiated spindle cell sarcoma	TH_Eval_018	ARHGAP19
undifferentiated spindle cell sarcoma	TH_Eval_018	AVPR1A
undifferentiated spindle cell sarcoma	TH_Eval_018	C1orf198
undifferentiated spindle cell sarcoma	TH_Eval_018	CALM1
undifferentiated spindle cell sarcoma	TH_Eval_018	CBFB
undifferentiated spindle cell sarcoma	TH_Eval_018	CCDC9
undifferentiated spindle cell sarcoma	TH_Eval_018	CDH19
undifferentiated spindle cell sarcoma	TH_Eval_018	CDH24
undifferentiated spindle cell sarcoma	TH_Eval_018	CFH
undifferentiated spindle cell sarcoma	TH_Eval_018	CHD9
undifferentiated spindle cell sarcoma	TH_Eval_018	CHN1
undifferentiated spindle cell sarcoma	TH_Eval_018	CHRNA1
undifferentiated spindle cell sarcoma	TH_Eval_018	CHSY1
undifferentiated spindle cell sarcoma	TH_Eval_018	CILP
undifferentiated spindle cell sarcoma	TH_Eval_018	CLCN7
undifferentiated spindle cell sarcoma	TH_Eval_018	CLEC11A
undifferentiated spindle cell sarcoma	TH_Eval_018	CLEC14A
undifferentiated spindle cell sarcoma	TH_Eval_018	CLMP
undifferentiated spindle cell sarcoma	TH_Eval_018	CMKLR1
undifferentiated spindle cell sarcoma	TH_Eval_018	CMTM3
undifferentiated spindle cell sarcoma	TH_Eval_018	COL22A1
undifferentiated spindle cell sarcoma	TH_Eval_018	COL4A1
undifferentiated spindle cell sarcoma	TH_Eval_018	COL4A2
undifferentiated spindle cell sarcoma	TH_Eval_018	COL6A1
undifferentiated spindle cell sarcoma	TH_Eval_018	COL6A2
undifferentiated spindle cell sarcoma	TH_Eval_018	CORO2B
undifferentiated spindle cell sarcoma	TH_Eval_018	CPED1
undifferentiated spindle cell sarcoma	TH_Eval_018	CPNE2
undifferentiated spindle cell sarcoma	TH_Eval_018	CPXM2
undifferentiated spindle cell sarcoma	TH_Eval_018	CRABP1
undifferentiated spindle cell sarcoma	TH_Eval_018	CRLF1
undifferentiated spindle cell sarcoma	TH_Eval_018	CSNK1G2
undifferentiated spindle cell sarcoma	TH_Eval_018	CSPG4
undifferentiated spindle cell sarcoma	TH_Eval_018	CYGB
undifferentiated spindle cell sarcoma	TH_Eval_018	CYTH3
undifferentiated spindle cell sarcoma	TH_Eval_018	DCHS1
undifferentiated spindle cell sarcoma	TH_Eval_018	DENND2A
undifferentiated spindle cell sarcoma	TH_Eval_018	DLC1
undifferentiated spindle cell sarcoma	TH_Eval_018	DOK1
undifferentiated spindle cell sarcoma	TH_Eval_018	DPP9
undifferentiated spindle cell sarcoma	TH_Eval_018	DUSP6
undifferentiated spindle cell sarcoma	TH_Eval_018	EBF1
undifferentiated spindle cell sarcoma	TH_Eval_018	EBF2
undifferentiated spindle cell sarcoma	TH_Eval_018	EDN3
undifferentiated spindle cell sarcoma	TH_Eval_018	EGR2
undifferentiated spindle cell sarcoma	TH_Eval_018	EGR3
undifferentiated spindle cell sarcoma	TH_Eval_018	EIF3CL
undifferentiated spindle cell sarcoma	TH_Eval_018	ENG
undifferentiated spindle cell sarcoma	TH_Eval_018	EPS15
undifferentiated spindle cell sarcoma	TH_Eval_018	ERF
undifferentiated spindle cell sarcoma	TH_Eval_018	ETV1
undifferentiated spindle cell sarcoma	TH_Eval_018	EVC
undifferentiated spindle cell sarcoma	TH_Eval_018	F2R
undifferentiated spindle cell sarcoma	TH_Eval_018	F2RL2
undifferentiated spindle cell sarcoma	TH_Eval_018	FAIM2
undifferentiated spindle cell sarcoma	TH_Eval_018	FAM101B
undifferentiated spindle cell sarcoma	TH_Eval_018	FAM20C
undifferentiated spindle cell sarcoma	TH_Eval_018	FAM220A
undifferentiated spindle cell sarcoma	TH_Eval_018	FAM43A
undifferentiated spindle cell sarcoma	TH_Eval_018	FAM43B
undifferentiated spindle cell sarcoma	TH_Eval_018	FBN2
undifferentiated spindle cell sarcoma	TH_Eval_018	FGF18
undifferentiated spindle cell sarcoma	TH_Eval_018	FHL3
undifferentiated spindle cell sarcoma	TH_Eval_018	FKBP1A
undifferentiated spindle cell sarcoma	TH_Eval_018	FLRT2
undifferentiated spindle cell sarcoma	TH_Eval_018	FNDC1
undifferentiated spindle cell sarcoma	TH_Eval_018	FRMD4A
undifferentiated spindle cell sarcoma	TH_Eval_018	FRMD8
undifferentiated spindle cell sarcoma	TH_Eval_018	FUT11
undifferentiated spindle cell sarcoma	TH_Eval_018	FZD1
undifferentiated spindle cell sarcoma	TH_Eval_018	GAS7
undifferentiated spindle cell sarcoma	TH_Eval_018	GFRA1
undifferentiated spindle cell sarcoma	TH_Eval_018	GIMAP6
undifferentiated spindle cell sarcoma	TH_Eval_018	GLCE
undifferentiated spindle cell sarcoma	TH_Eval_018	GNAI1
undifferentiated spindle cell sarcoma	TH_Eval_018	GSN
undifferentiated spindle cell sarcoma	TH_Eval_018	HAAO
undifferentiated spindle cell sarcoma	TH_Eval_018	HIC1
undifferentiated spindle cell sarcoma	TH_Eval_018	IFNAR1
undifferentiated spindle cell sarcoma	TH_Eval_018	IGF2
undifferentiated spindle cell sarcoma	TH_Eval_018	IGHV1-3
undifferentiated spindle cell sarcoma	TH_Eval_018	IGHV2-26
undifferentiated spindle cell sarcoma	TH_Eval_018	ILK
undifferentiated spindle cell sarcoma	TH_Eval_018	ITGA1
undifferentiated spindle cell sarcoma	TH_Eval_018	ITGA10
undifferentiated spindle cell sarcoma	TH_Eval_018	ITIH5
undifferentiated spindle cell sarcoma	TH_Eval_018	ITM2A
undifferentiated spindle cell sarcoma	TH_Eval_018	ITPRIPL2
undifferentiated spindle cell sarcoma	TH_Eval_018	KANK2
undifferentiated spindle cell sarcoma	TH_Eval_018	KCNK2
undifferentiated spindle cell sarcoma	TH_Eval_018	KCNQ2
undifferentiated spindle cell sarcoma	TH_Eval_018	KCTD12
undifferentiated spindle cell sarcoma	TH_Eval_018	KDELC2
undifferentiated spindle cell sarcoma	TH_Eval_018	KIAA1462
undifferentiated spindle cell sarcoma	TH_Eval_018	KIAA1755
undifferentiated spindle cell sarcoma	TH_Eval_018	KLC1
undifferentiated spindle cell sarcoma	TH_Eval_018	LAMA2
undifferentiated spindle cell sarcoma	TH_Eval_018	LAMA4
undifferentiated spindle cell sarcoma	TH_Eval_018	LAMC1
undifferentiated spindle cell sarcoma	TH_Eval_018	LIMS1
undifferentiated spindle cell sarcoma	TH_Eval_018	LOXL2
undifferentiated spindle cell sarcoma	TH_Eval_018	LOXL3
undifferentiated spindle cell sarcoma	TH_Eval_018	LPAR1
undifferentiated spindle cell sarcoma	TH_Eval_018	LPL
undifferentiated spindle cell sarcoma	TH_Eval_018	LRCH3
undifferentiated spindle cell sarcoma	TH_Eval_018	LRRN4CL
undifferentiated spindle cell sarcoma	TH_Eval_018	LZTS1
undifferentiated spindle cell sarcoma	TH_Eval_018	MAP4K4
undifferentiated spindle cell sarcoma	TH_Eval_018	MAPK3
undifferentiated spindle cell sarcoma	TH_Eval_018	MED29
undifferentiated spindle cell sarcoma	TH_Eval_018	MEOX1
undifferentiated spindle cell sarcoma	TH_Eval_018	MEOX2
undifferentiated spindle cell sarcoma	TH_Eval_018	MGRN1
undifferentiated spindle cell sarcoma	TH_Eval_018	MIA
undifferentiated spindle cell sarcoma	TH_Eval_018	MOK
undifferentiated spindle cell sarcoma	TH_Eval_018	MORF4L1
undifferentiated spindle cell sarcoma	TH_Eval_018	MRPS6
undifferentiated spindle cell sarcoma	TH_Eval_018	MSANTD3
undifferentiated spindle cell sarcoma	TH_Eval_018	MXRA5
undifferentiated spindle cell sarcoma	TH_Eval_018	NAA60
undifferentiated spindle cell sarcoma	TH_Eval_018	NCK2
undifferentiated spindle cell sarcoma	TH_Eval_018	NFATC3
undifferentiated spindle cell sarcoma	TH_Eval_018	NFIC
undifferentiated spindle cell sarcoma	TH_Eval_018	NID1
undifferentiated spindle cell sarcoma	TH_Eval_018	NPM1
undifferentiated spindle cell sarcoma	TH_Eval_018	NPR1
undifferentiated spindle cell sarcoma	TH_Eval_018	NPTX2
undifferentiated spindle cell sarcoma	TH_Eval_018	NTAN1
undifferentiated spindle cell sarcoma	TH_Eval_018	NTRK1
undifferentiated spindle cell sarcoma	TH_Eval_018	OAF
undifferentiated spindle cell sarcoma	TH_Eval_018	OGN
undifferentiated spindle cell sarcoma	TH_Eval_018	OLFML2A
undifferentiated spindle cell sarcoma	TH_Eval_018	OLFML2B
undifferentiated spindle cell sarcoma	TH_Eval_018	P3H1
undifferentiated spindle cell sarcoma	TH_Eval_018	PARP10
undifferentiated spindle cell sarcoma	TH_Eval_018	PCDH18
undifferentiated spindle cell sarcoma	TH_Eval_018	PDGFRB
undifferentiated spindle cell sarcoma	TH_Eval_018	PEAK1
undifferentiated spindle cell sarcoma	TH_Eval_018	PENK
undifferentiated spindle cell sarcoma	TH_Eval_018	PHC2
undifferentiated spindle cell sarcoma	TH_Eval_018	PIP5K1C
undifferentiated spindle cell sarcoma	TH_Eval_018	PLEC
undifferentiated spindle cell sarcoma	TH_Eval_018	PLOD1
undifferentiated spindle cell sarcoma	TH_Eval_018	PLP1
undifferentiated spindle cell sarcoma	TH_Eval_018	PLXDC1
undifferentiated spindle cell sarcoma	TH_Eval_018	PPM1F
undifferentiated spindle cell sarcoma	TH_Eval_018	PPP1CC
undifferentiated spindle cell sarcoma	TH_Eval_018	PPP1R10
undifferentiated spindle cell sarcoma	TH_Eval_018	PRDM8
undifferentiated spindle cell sarcoma	TH_Eval_018	PRKACA
undifferentiated spindle cell sarcoma	TH_Eval_018	PRKAR1A
undifferentiated spindle cell sarcoma	TH_Eval_018	PRRX2
undifferentiated spindle cell sarcoma	TH_Eval_018	PRSS35
undifferentiated spindle cell sarcoma	TH_Eval_018	PSMD5
undifferentiated spindle cell sarcoma	TH_Eval_018	PTBP1
undifferentiated spindle cell sarcoma	TH_Eval_018	PTGER4
undifferentiated spindle cell sarcoma	TH_Eval_018	PTHLH
undifferentiated spindle cell sarcoma	TH_Eval_018	PTPN9
undifferentiated spindle cell sarcoma	TH_Eval_018	PXYLP1
undifferentiated spindle cell sarcoma	TH_Eval_018	RAB3IL1
undifferentiated spindle cell sarcoma	TH_Eval_018	RAB7B
undifferentiated spindle cell sarcoma	TH_Eval_018	RASA1
undifferentiated spindle cell sarcoma	TH_Eval_018	RBFOX2
undifferentiated spindle cell sarcoma	TH_Eval_018	RCSD1
undifferentiated spindle cell sarcoma	TH_Eval_018	RELN
undifferentiated spindle cell sarcoma	TH_Eval_018	RGAG4
undifferentiated spindle cell sarcoma	TH_Eval_018	RGMB
undifferentiated spindle cell sarcoma	TH_Eval_018	RGS4
undifferentiated spindle cell sarcoma	TH_Eval_018	RHOJ
undifferentiated spindle cell sarcoma	TH_Eval_018	ROBO1
undifferentiated spindle cell sarcoma	TH_Eval_018	RP11-323N12.5
undifferentiated spindle cell sarcoma	TH_Eval_018	RP4-583P15.10
undifferentiated spindle cell sarcoma	TH_Eval_018	RSPRY1
undifferentiated spindle cell sarcoma	TH_Eval_018	SAMD11
undifferentiated spindle cell sarcoma	TH_Eval_018	SAMD4B
undifferentiated spindle cell sarcoma	TH_Eval_018	SASH1
undifferentiated spindle cell sarcoma	TH_Eval_018	SCARF2
undifferentiated spindle cell sarcoma	TH_Eval_018	SCX
undifferentiated spindle cell sarcoma	TH_Eval_018	SDC3
undifferentiated spindle cell sarcoma	TH_Eval_018	SEC14L1
undifferentiated spindle cell sarcoma	TH_Eval_018	SEMA3A
undifferentiated spindle cell sarcoma	TH_Eval_018	SEPN1
undifferentiated spindle cell sarcoma	TH_Eval_018	SEPT9
undifferentiated spindle cell sarcoma	TH_Eval_018	SERPINH1
undifferentiated spindle cell sarcoma	TH_Eval_018	SF3B3
undifferentiated spindle cell sarcoma	TH_Eval_018	SH2B3
undifferentiated spindle cell sarcoma	TH_Eval_018	SKI
undifferentiated spindle cell sarcoma	TH_Eval_018	SLAIN2
undifferentiated spindle cell sarcoma	TH_Eval_018	SLC12A4
undifferentiated spindle cell sarcoma	TH_Eval_018	SLC20A1
undifferentiated spindle cell sarcoma	TH_Eval_018	SLC27A3
undifferentiated spindle cell sarcoma	TH_Eval_018	SLIT2
undifferentiated spindle cell sarcoma	TH_Eval_018	SLIT3
undifferentiated spindle cell sarcoma	TH_Eval_018	SMAD3
undifferentiated spindle cell sarcoma	TH_Eval_018	SMN2
undifferentiated spindle cell sarcoma	TH_Eval_018	SMTN
undifferentiated spindle cell sarcoma	TH_Eval_018	SNED1
undifferentiated spindle cell sarcoma	TH_Eval_018	SORCS2
undifferentiated spindle cell sarcoma	TH_Eval_018	SOX8
undifferentiated spindle cell sarcoma	TH_Eval_018	SPRED1
undifferentiated spindle cell sarcoma	TH_Eval_018	SPRED2
undifferentiated spindle cell sarcoma	TH_Eval_018	SPRY1
undifferentiated spindle cell sarcoma	TH_Eval_018	SPRY2
undifferentiated spindle cell sarcoma	TH_Eval_018	SPRY4
undifferentiated spindle cell sarcoma	TH_Eval_018	ST3GAL2
undifferentiated spindle cell sarcoma	TH_Eval_018	ST6GALNAC6
undifferentiated spindle cell sarcoma	TH_Eval_018	STARD5
undifferentiated spindle cell sarcoma	TH_Eval_018	STIM2
undifferentiated spindle cell sarcoma	TH_Eval_018	SUN1
undifferentiated spindle cell sarcoma	TH_Eval_018	SVIL-AS1
undifferentiated spindle cell sarcoma	TH_Eval_018	SYTL4
undifferentiated spindle cell sarcoma	TH_Eval_018	TBX18
undifferentiated spindle cell sarcoma	TH_Eval_018	TBX2
undifferentiated spindle cell sarcoma	TH_Eval_018	TCF12
undifferentiated spindle cell sarcoma	TH_Eval_018	TCF4
undifferentiated spindle cell sarcoma	TH_Eval_018	TERF2
undifferentiated spindle cell sarcoma	TH_Eval_018	TGFB1I1
undifferentiated spindle cell sarcoma	TH_Eval_018	THBS4
undifferentiated spindle cell sarcoma	TH_Eval_018	THY1
undifferentiated spindle cell sarcoma	TH_Eval_018	TMEM204
undifferentiated spindle cell sarcoma	TH_Eval_018	TMEM256-PLSCR3
undifferentiated spindle cell sarcoma	TH_Eval_018	TMEM59L
undifferentiated spindle cell sarcoma	TH_Eval_018	TNMD
undifferentiated spindle cell sarcoma	TH_Eval_018	TNNT3
undifferentiated spindle cell sarcoma	TH_Eval_018	TRAM2
undifferentiated spindle cell sarcoma	TH_Eval_018	TRIL
undifferentiated spindle cell sarcoma	TH_Eval_018	TRIM8
undifferentiated spindle cell sarcoma	TH_Eval_018	TRIOBP
undifferentiated spindle cell sarcoma	TH_Eval_018	TSHZ2
undifferentiated spindle cell sarcoma	TH_Eval_018	TSPAN11
undifferentiated spindle cell sarcoma	TH_Eval_018	TSPAN5
undifferentiated spindle cell sarcoma	TH_Eval_018	UBALD1
undifferentiated spindle cell sarcoma	TH_Eval_018	UBFD1
undifferentiated spindle cell sarcoma	TH_Eval_018	VGLL4
undifferentiated spindle cell sarcoma	TH_Eval_018	VIT
undifferentiated spindle cell sarcoma	TH_Eval_018	XPNPEP1
undifferentiated spindle cell sarcoma	TH_Eval_018	ZBTB46
undifferentiated spindle cell sarcoma	TH_Eval_018	ZNF436
